86480	utriculus
149856	physalis
517507	physalis
534367	utriculus
539107	minuta
554236	utriculus
645856	physalis
769212	utriculus
968982	megalista
974099	megalista
974159	megalista
981099	minuta
982717	megalista
1041548	megalista
1054234	minuta
1065500	megalista
1091816	physalis
1154720	megalista
1182744	minuta
1195148	utriculus
1251978	utriculus
1347015	utriculus
1461742	minuta
1504450	utriculus
2065049	megalista
2081847	physalis
2267711	physalis
2442742	utriculus
2479579	utriculus
2546297	utriculus
2621608	minuta
2633169	utriculus
2679991	utriculus
2736941	minuta
2793313	megalista
2793566	physalis
2879021	megalista
3088686	megalista
3156184	megalista
3169576	physalis
3176390	megalista
3312846	megalista
3691618	megalista
3702095	megalista
3719798	physalis
3734614	megalista
3829552	physalis
3902763	megalista
4052968	utriculus
4127569	utriculus
4198037	utriculus
4212926	utriculus
4299489	megalista
4453678	megalista
4639949	minuta
4669659	megalista
4673298	megalista
4728816	minuta
4728873	minuta
4816513	utriculus
4887439	utriculus
4927198	utriculus
4940713	utriculus
5082626	megalista
5088488	physalis
5438297	physalis
5488679	physalis
5593682	physalis
5594357	physalis
5594641	physalis
5865080	physalis
5995652	physalis
5997889	physalis
6273730	physalis
6956235	utriculus
6968785	physalis
7000001	utriculus
7078967	megalista
7185893	utriculus
7229186	utriculus
7246972	utriculus
7444384	utriculus
7466490	megalista
7469604	megalista
7487125	megalista
7487177	megalista
7504017	megalista
7517584	megalista
7528864	megalista
7528945	utriculus
7529306	utriculus
7653175	megalista
7772854	megalista
7874684	megalista
7941096	megalista
8230656	megalista
8287940	utriculus
8395320	megalista
8395622	megalista
8395878	megalista
8396102	megalista
8402868	megalista
8448549	megalista
8517602	megalista
8523582	utriculus
8561368	megalista
8652177	megalista
8685678	megalista
8687819	megalista
8747445	megalista
8784797	physalis
8844627	megalista
9024343	megalista
9060332	megalista
9060359	megalista
9093312	utriculus
9103314	utriculus
9161806	megalista
9161809	megalista
9239984	minuta
9304014	physalis
9353415	utriculus
9380281	minuta
9389203	utriculus
9396739	utriculus
9499879	megalista
9512810	megalista
9530803	utriculus
9544169	physalis
9629493	megalista
9637927	utriculus
9666917	physalis
9734485	physalis
9756204	megalista
9759415	utriculus
9795832	utriculus
9820683	utriculus
9823113	physalis
9826869	physalis
9856420	megalista
9856770	megalista
9857039	utriculus
9875304	utriculus
9883918	utriculus
9888641	utriculus
9889958	utriculus
9943274	utriculus
9986226	megalista
9987324	megalista
10020340	physalis
10123530	utriculus
10124532	utriculus
10156271	utriculus
10195773	physalis
10221244	utriculus
10299346	minuta
10307517	physalis
10307521	physalis
10307529	utriculus
10355105	megalista
10416095	physalis
10443279	physalis
10557753	megalista
10671735	megalista
10816785	utriculus
11093101	utriculus
11168262	utriculus
11173232	utriculus
11209406	utriculus
11309008	megalista
11451779	physalis
11591756	physalis
11730650	physalis
11958265	megalista
12083958	megalista
12541083	physalis
12630293	megalista
12642341	megalista
12669724	megalista
12794603	utriculus
12851663	megalista
13069717	utriculus
13226326	megalista
13256172	physalis
13363711	physalis
13385057	physalis
13457688	utriculus
13581041	megalista
13681971	megalista
13832245	utriculus
13834621	utriculus
14177898	utriculus
14199704	utriculus
14252406	megalista
14299491	megalista
14816397	megalista
14993162	utriculus
15011768	megalista
15031610	utriculus
15065804	utriculus
15066690	utriculus
15066712	utriculus
15076013	utriculus
15099790	utriculus
15131219	utriculus
15315359	utriculus
15335941	physalis
15452295	utriculus
15453242	utriculus
15680195	megalista
15690113	physalis
15774940	utriculus
15776205	utriculus
15876645	megalista
15881517	physalis
15900598	physalis
16163942	megalista
16250887	megalista
16735738	physalis
16885414	utriculus
16912782	physalis
16924259	megalista
16955173	megalista
17055551	megalista
17056874	megalista
17364578	utriculus
17373190	megalista
17480720	utriculus
17483419	megalista
17529325	physalis
17587073	megalista
17634446	physalis
17643321	megalista
17704333	utriculus
17767082	utriculus
17818798	megalista
17860978	physalis
17871480	megalista
17898598	megalista
17955692	megalista
18030129	megalista
18069683	utriculus
18072735	utriculus
18085600	megalista
18086623	megalista
18268648	physalis
18280042	megalista
18443481	megalista
18467720	megalista
18483005	megalista
18492718	megalista
18570120	physalis
18623948	utriculus
18628334	physalis
18671864	utriculus
18791401	physalis
18813204	utriculus
18938710	megalista
18952551	utriculus
18965336	utriculus
18965382	utriculus
18965433	utriculus
19025204	utriculus
19025246	utriculus
19025247	utriculus
19025248	utriculus
19060894	minuta
19061568	minuta
19081317	megalista
19165735	physalis
19167428	physalis
19226621	utriculus
19254781	utriculus
19257380	utriculus
19279628	utriculus
19342147	megalista
19360968	utriculus
19439024	utriculus
19462019	utriculus
19489352	utriculus
19489353	utriculus
19502566	utriculus
19508476	utriculus
19508480	utriculus
19510097	utriculus
19512622	physalis
19555563	physalis
19586966	physalis
19612774	utriculus
19649141	utriculus
19655257	utriculus
19679561	minuta
19718691	utriculus
19726241	utriculus
19796868	minuta
19799137	minuta
19838788	minuta
19860580	physalis
19910903	utriculus
19934686	utriculus
19996888	megalista
20003471	utriculus
20052185	utriculus
20179337	utriculus
20217691	physalis
20257141	utriculus
20276325	megalista
20286952	physalis
20341311	utriculus
20348184	physalis
20355308	physalis
20371339	physalis
20374719	physalis
20418151	utriculus
20502216	megalista
20508934	utriculus
20545742	physalis
20548505	utriculus
20709090	utriculus
20720168	utriculus
20806991	physalis
20868544	physalis
20897844	megalista
20905259	utriculus
20949252	utriculus
21025841	physalis
21048065	utriculus
21187138	utriculus
21193470	utriculus
21227817	physalis
21362921	physalis
21367050	utriculus
21456502	megalista
21490581	utriculus
21526979	utriculus
21584348	utriculus
21587724	utriculus
21589832	megalista
21596985	physalis
21638175	megalista
21712753	utriculus
21820303	megalista
22058688	megalista
22192684	physalis
22434463	physalis
22510118	megalista
22541856	physalis
22598737	utriculus
22728426	physalis
22765361	megalista
22803829	minuta
22854508	utriculus
22936663	utriculus
23065733	physalis
23322533	megalista
23331745	megalista
23776500	utriculus
24406981	utriculus
24645520	utriculus
24914624	megalista
25233188	physalis
25359716	megalista
25365964	megalista
25370004	megalista
25606511	utriculus
25782920	utriculus
25793399	megalista
25894130	physalis
25936299	physalis
25988240	megalista
26161404	megalista
26193205	megalista
26371817	utriculus
26430781	megalista
26483435	megalista
26568232	megalista
26582331	megalista
26625558	utriculus
26627293	physalis
26760698	physalis
26941089	utriculus
27110557	physalis
27206242	physalis
27358231	physalis
27429047	utriculus
27561024	physalis
27593913	megalista
27985197	utriculus
28529220	utriculus
28575834	physalis
28589982	utriculus
28662842	physalis
28695097	physalis
28696202	megalista
28700238	utriculus
28750507	megalista
29116593	physalis
29223046	megalista
29331989	utriculus
29370362	megalista
29409500	utriculus
29507146	physalis
29757277	utriculus
29765951	utriculus
29883648	physalis
30066916	physalis
30069620	megalista
30156132	megalista
30264590	utriculus
30350569	megalista
30385194	utriculus
30527811	megalista
30731334	utriculus
30816449	utriculus
30883379	physalis
30968374	utriculus
31008421	megalista
31031176	physalis
31086334	utriculus
31119847	utriculus
31221293	utriculus
31482571	utriculus
31584084	utriculus
31623568	utriculus
31636578	physalis
31771054	physalis
32288916	megalista
32321062	megalista
32810353	utriculus
32996494	megalista
33059086	megalista
33174362	megalista
33333619	physalis
33411380	physalis
33502864	utriculus
33565356	megalista
33640200	utriculus
33642195	megalista
33777427	utriculus
34242291	utriculus
34330967	physalis
34346126	megalista
34466101	physalis
34557725	utriculus
34662963	physalis
34663476	physalis
34676199	megalista
34686009	physalis
34759595	physalis
34818922	physalis
34904768	utriculus
34929987	megalista
34940403	megalista
34985812	megalista
34999195	megalista
35089697	megalista
35144692	megalista
35414743	physalis
35436355	physalis
35745183	minuta
35757806	minuta
35973067	megalista
36010303	utriculus
36159939	physalis
36274488	utriculus
36416447	megalista
36474823	physalis
36536763	physalis
36579590	megalista
36649774	physalis
36652045	physalis
36683984	megalista
36686246	megalista
36713534	physalis
36779871	physalis
36912845	utriculus
36969778	physalis
36992086	physalis
37070958	physalis
37086364	physalis
37099230	physalis
37136880	physalis
37136900	physalis
37136904	physalis
37145282	utriculus
37147036	utriculus
37151540	utriculus
37165891	physalis
37233465	physalis
37251914	utriculus
37253805	minuta
37286964	minuta
37301783	utriculus
37326262	utriculus
37340596	utriculus
37365296	megalista
37375876	physalis
37430853	utriculus
37443018	physalis
37444428	megalista
37449575	megalista
37485002	physalis
37498822	utriculus
37514633	utriculus
37584216	utriculus
37606807	utriculus
37606906	utriculus
37609217	minuta
37643806	minuta
37681575	utriculus
37732217	megalista
37885695	megalista
37887550	minuta
37972575	megalista
37992201	physalis
38117774	physalis
38295075	physalis
38359087	megalista
38363792	physalis
38375612	physalis
38381329	physalis
38386749	utriculus
38399298	megalista
38415828	megalista
38505896	physalis
38530067	minuta
38563432	utriculus
38600394	utriculus
38655211	physalis
38695642	utriculus
38723602	physalis
38754137	physalis
38788818	utriculus
38798021	utriculus
38862559	utriculus
39030729	utriculus
39066937	megalista
39076924	utriculus
39291334	physalis
39330222	utriculus
39337851	utriculus
39382594	minuta
39419170	physalis
39501677	physalis
39631924	utriculus
39722259	physalis
39791328	utriculus
39879275	utriculus
40096150	physalis
40103060	physalis
40119709	physalis
40416738	physalis
40596167	utriculus
40712651	physalis
40740834	megalista
40805935	megalista
40981911	physalis
40982169	physalis
41021106	utriculus
41074782	minuta
41146435	megalista
41330982	megalista
41344102	megalista
41431853	utriculus
41947391	utriculus
42206250	megalista
42286190	megalista
42339307	physalis
42461358	utriculus
42607124	physalis
42650833	utriculus
42819107	utriculus
43031440	megalista
43268536	megalista
43851534	megalista
44349381	utriculus
44399580	physalis
44419362	megalista
44463157	physalis
44564150	megalista
44825488	utriculus
44886271	physalis
44886272	physalis
44957161	megalista
44980657	physalis
45075750	utriculus
45247769	megalista
45637395	physalis
45859165	physalis
46176165	megalista
46367498	physalis
46565493	utriculus
46745742	utriculus
47041253	physalis
47106275	physalis
47477278	utriculus
47694748	physalis
47781221	physalis
47785433	physalis
47801429	physalis
47878141	physalis
47903930	physalis
47906572	physalis
47938599	physalis
48054932	physalis
48073387	megalista
48219596	physalis
48321805	physalis
48371172	physalis
48479792	physalis
48509988	utriculus
48566849	physalis
48573648	physalis
48638716	physalis
48650897	physalis
48652052	physalis
48678067	physalis
48716797	physalis
48739960	physalis
48745205	megalista
48976940	physalis
49077201	physalis
49098072	physalis
49110702	physalis
49113570	physalis
49120627	physalis
49136083	physalis
49143212	physalis
49146328	physalis
49161284	physalis
49161794	physalis
49165766	physalis
49178384	physalis
49186053	physalis
49186276	physalis
49186364	physalis
49186963	physalis
49214020	physalis
49230397	physalis
49254740	physalis
49281037	physalis
49281101	physalis
49295587	megalista
49307233	megalista
49328311	physalis
49336682	physalis
49353845	physalis
49395412	physalis
49559838	utriculus
49617825	physalis
49761206	physalis
49775805	physalis
49981741	utriculus
50016438	megalista
50322368	physalis
50323621	utriculus
50537346	physalis
50597112	megalista
50613980	physalis
50626478	utriculus
50696657	utriculus
50955106	megalista
51031266	physalis
51118620	physalis
51145923	physalis
51301926	physalis
51400581	utriculus
51546271	megalista
51632400	physalis
51632429	physalis
51942625	physalis
52419234	utriculus
52711546	utriculus
53317972	physalis
53449772	utriculus
53800551	megalista
53800601	megalista
54039528	utriculus
54043169	physalis
54348804	megalista
54377206	utriculus
54489058	megalista
54525806	megalista
54715222	megalista
54777490	utriculus
54791534	physalis
54891748	utriculus
54896187	utriculus
55126400	utriculus
55315983	physalis
55556400	utriculus
55567090	megalista
55582909	physalis
55815192	physalis
56452044	physalis
56452181	utriculus
56526603	physalis
56913997	megalista
56932456	physalis
57164239	megalista
57186295	megalista
57525716	physalis
57774441	physalis
57817508	physalis
57882513	physalis
57886621	megalista
57892936	megalista
57993536	megalista
58032414	utriculus
58448316	utriculus
58584716	megalista
59079398	megalista
59302420	megalista
59302585	megalista
59425378	megalista
59426031	megalista
59518861	megalista
59540515	megalista
59627922	megalista
59627992	megalista
59628090	megalista
59629419	megalista
59632425	megalista
59650259	physalis
59654991	megalista
59680885	utriculus
59718548	megalista
59738661	megalista
60006560	megalista
60014481	physalis
60015494	physalis
60031241	physalis
60044741	megalista
60049894	megalista
60052602	megalista
60149530	megalista
60175023	megalista
60201685	physalis
60254229	physalis
60257156	utriculus
60274696	physalis
60297461	megalista
60299578	megalista
60305107	megalista
60360587	physalis
60435080	physalis
60494283	megalista
60592788	megalista
60783714	megalista
60797974	megalista
60951181	utriculus
61002477	physalis
61071265	megalista
61094414	physalis
61282650	megalista
61335793	utriculus
61441610	megalista
61639445	megalista
61646236	physalis
61775355	megalista
61925187	megalista
62092891	megalista
62170545	megalista
62333795	megalista
62484157	physalis
62533136	utriculus
62556851	utriculus
62799763	utriculus
62868808	utriculus
62975910	megalista
62991235	megalista
63007476	physalis
63056097	megalista
63159807	physalis
63226133	megalista
63344022	megalista
63367610	megalista
63503287	physalis
63513333	megalista
63581653	megalista
63618045	megalista
63749570	physalis
63813808	physalis
63860560	megalista
63868035	megalista
63881103	physalis
63969490	utriculus
64097354	physalis
64099989	megalista
64100026	megalista
64104422	physalis
64130164	utriculus
64289079	utriculus
64309278	utriculus
64309287	utriculus
64309294	utriculus
64309390	utriculus
64309421	utriculus
64309425	utriculus
64344478	megalista
64408525	utriculus
64422128	megalista
64583159	megalista
64583214	megalista
64606946	physalis
64654729	physalis
64655199	megalista
64661018	megalista
64661534	megalista
64663056	utriculus
64669151	megalista
64669153	megalista
64669154	megalista
64736132	physalis
64741042	physalis
64748801	megalista
64774652	utriculus
64818431	physalis
64974909	physalis
64989777	megalista
65080810	physalis
65122793	megalista
65177654	megalista
65279499	physalis
65398629	physalis
65488217	physalis
65508921	megalista
65555314	physalis
65647244	utriculus
65667421	physalis
65667422	physalis
65709674	utriculus
65813882	utriculus
65861005	megalista
65861605	utriculus
66005396	physalis
66032104	megalista
66089474	utriculus
66130088	megalista
66297766	megalista
66317863	utriculus
66362952	utriculus
66444882	megalista
66449274	megalista
66518143	physalis
66561766	megalista
66762641	utriculus
66790863	utriculus
66923624	physalis
67060676	utriculus
67060692	utriculus
67061532	minuta
67071620	utriculus
67074271	utriculus
67240966	utriculus
67267621	utriculus
67310733	utriculus
67350779	physalis
67399655	megalista
67428844	utriculus
67431466	physalis
67433912	physalis
67580466	physalis
67581932	physalis
67772062	utriculus
67782497	megalista
67788853	utriculus
67835391	megalista
68040175	utriculus
68107240	physalis
68118333	physalis
68135142	megalista
68143511	megalista
68147703	utriculus
68188027	megalista
68203822	utriculus
68261504	utriculus
68261506	utriculus
68261507	utriculus
68261512	utriculus
68261515	utriculus
68261516	utriculus
68261520	utriculus
68320560	utriculus
68356594	utriculus
68401412	utriculus
68425030	megalista
68441974	minuta
68443716	utriculus
68443725	utriculus
68534906	utriculus
68582651	megalista
68660484	physalis
68741346	utriculus
68745051	utriculus
68786834	utriculus
68989211	physalis
68993758	utriculus
68993961	megalista
69105877	utriculus
69122319	minuta
69122511	utriculus
69123812	utriculus
69123816	utriculus
69234344	physalis
69277426	utriculus
69302512	utriculus
69315261	physalis
69370212	physalis
69430286	megalista
69497872	megalista
69673413	megalista
69699292	utriculus
69707791	utriculus
69710882	utriculus
69743454	utriculus
69760797	megalista
69849697	utriculus
69874489	utriculus
70028253	megalista
70138336	utriculus
70270439	physalis
70337118	utriculus
70351531	physalis
70379936	megalista
70407204	physalis
70449347	physalis
70525712	utriculus
70548019	megalista
70582635	megalista
70639373	megalista
70653959	megalista
70654200	minuta
70711320	megalista
70711363	megalista
70714764	megalista
70755274	physalis
70834370	utriculus
70872656	utriculus
70897362	utriculus
70906459	utriculus
71046609	utriculus
71180394	megalista
71211357	physalis
71545581	utriculus
71546811	utriculus
71601807	megalista
71602269	utriculus
71653351	utriculus
71657363	physalis
71687467	utriculus
71687470	utriculus
71910168	megalista
71913602	utriculus
72135757	megalista
72189658	megalista
72687331	utriculus
72718193	physalis
73272164	utriculus
73638151	physalis
73704467	physalis
73807263	megalista
73984028	utriculus
73984906	utriculus
74067585	utriculus
74067787	utriculus
74597937	utriculus
74610441	megalista
74664050	physalis
74675390	megalista
74811668	megalista
74893124	megalista
75152272	utriculus
75362991	physalis
75380929	utriculus
75383022	physalis
75405222	megalista
75452634	megalista
75479715	physalis
75494097	megalista
75507172	utriculus
75595880	megalista
75637098	utriculus
75674949	utriculus
75674975	utriculus
76161647	utriculus
76218468	utriculus
76218768	utriculus
76219261	utriculus
76221467	utriculus
76221547	utriculus
76426533	utriculus
76433089	megalista
76724249	utriculus
76785010	physalis
77351018	physalis
77538227	utriculus
77669026	megalista
77721382	megalista
78004420	physalis
78290911	physalis
78430505	megalista
78487142	physalis
78508320	utriculus
78582835	physalis
78926679	utriculus
79320558	physalis
79687548	physalis
80074016	megalista
80334978	megalista
80567650	utriculus
82782799	megalista
82782842	megalista
82863498	physalis
83089187	physalis
83231381	megalista
83426249	utriculus
83576170	utriculus
84030888	utriculus
84387661	megalista
84790025	utriculus
85009178	physalis
85738265	megalista
85743807	megalista
86144821	megalista
86256390	utriculus
86344116	megalista
86365672	megalista
86433154	utriculus
86487528	utriculus
86898513	megalista
86973878	utriculus
87006131	utriculus
87197925	utriculus
87437046	physalis
87478516	utriculus
87492474	utriculus
87512444	megalista
87775400	utriculus
87814475	utriculus
87815225	utriculus
87935554	utriculus
88195312	utriculus
88351586	megalista
88484421	megalista
88488793	utriculus
88493030	megalista
88493431	utriculus
88660843	utriculus
88890675	utriculus
88891136	utriculus
89604667	utriculus
89747751	utriculus
89977639	megalista
90108789	megalista
90121633	utriculus
90140871	utriculus
90140873	utriculus
90220528	megalista
90325755	megalista
90504752	megalista
90559203	physalis
90691800	utriculus
90847474	physalis
91079185	megalista
91093046	megalista
91193892	megalista
91214414	megalista
91398780	physalis
91501811	megalista
91502201	megalista
91624496	megalista
91709487	physalis
91817122	utriculus
91869566	physalis
91910562	utriculus
92191272	utriculus
92355705	physalis
92381429	utriculus
92513910	megalista
92609294	utriculus
92624701	megalista
92728952	megalista
92732195	utriculus
92889710	physalis
92931419	utriculus
93122199	utriculus
93228725	megalista
93235920	megalista
93310973	utriculus
93441651	utriculus
93478164	physalis
93692836	megalista
93910694	megalista
93924938	utriculus
94026638	physalis
94071249	megalista
94123549	utriculus
94125420	utriculus
94224700	utriculus
94403559	megalista
94403575	megalista
94403599	megalista
94403679	megalista
94442992	utriculus
94797118	megalista
94797336	megalista
95101524	utriculus
95126488	megalista
95176646	utriculus
95221247	megalista
95233875	megalista
95244264	megalista
95323611	utriculus
95699794	physalis
95820251	megalista
95831294	megalista
95857439	physalis
95928928	utriculus
96059521	megalista
96064102	megalista
96183454	megalista
96183554	megalista
96183597	megalista
96183878	megalista
96286515	megalista
96307095	utriculus
96310412	utriculus
96340784	megalista
96340802	megalista
96344406	megalista
96552819	utriculus
96658958	megalista
96672458	megalista
96686779	utriculus
96699445	utriculus
96733010	megalista
96799010	utriculus
97325056	megalista
97482071	utriculus
97583883	physalis
97937146	utriculus
97983980	megalista
98056171	megalista
98133611	physalis
98148694	utriculus
98148696	utriculus
98148697	utriculus
98148698	utriculus
98148700	utriculus
98148702	utriculus
98148703	utriculus
98148704	utriculus
98148705	utriculus
98148706	utriculus
98148707	utriculus
98148708	utriculus
98148709	utriculus
98148711	utriculus
98148713	utriculus
98148715	utriculus
98148716	utriculus
98148717	utriculus
98160379	megalista
98248757	megalista
98355990	megalista
98680034	megalista
98684596	megalista
98716776	utriculus
98723434	physalis
98781518	utriculus
98939745	utriculus
99048014	megalista
99155384	megalista
99155450	megalista
99158621	megalista
99182631	megalista
99316704	megalista
99395920	megalista
99409726	physalis
99448810	megalista
99511157	megalista
99516451	utriculus
99566019	megalista
99727328	minuta
99772959	megalista
99955539	megalista
99977837	utriculus
100047173	megalista
100060023	megalista
100096029	megalista
100182369	utriculus
100431302	utriculus
100443146	megalista
100754246	megalista
100823288	utriculus
100889606	megalista
100898423	utriculus
100965429	utriculus
100990495	megalista
101261439	megalista
101570213	megalista
101657543	utriculus
101692172	utriculus
101752318	megalista
101867653	megalista
101920653	megalista
101927869	megalista
102027030	utriculus
102262148	utriculus
102286274	utriculus
102287376	megalista
102309324	minuta
102323245	minuta
102407576	physalis
102430035	utriculus
102505747	megalista
102509889	utriculus
102579025	megalista
102586767	megalista
102631858	utriculus
102632600	utriculus
102793548	utriculus
102856473	megalista
102880625	utriculus
102955664	utriculus
102982979	megalista
102986760	megalista
103012083	megalista
103150654	physalis
103205201	utriculus
103264149	physalis
103335746	utriculus
103335748	utriculus
103414430	physalis
103459960	megalista
103484797	minuta
103537346	utriculus
103550981	utriculus
103641297	utriculus
103718717	utriculus
103862730	utriculus
103897449	utriculus
103961634	utriculus
104070451	utriculus
104089663	utriculus
104115770	utriculus
104132689	utriculus
104200019	megalista
104315219	utriculus
104332636	utriculus
104453887	minuta
104453913	minuta
104453916	minuta
104453924	megalista
104453928	megalista
104453929	megalista
104453933	megalista
104453944	megalista
104453951	megalista
104497824	utriculus
104508784	utriculus
104547465	megalista
104695776	utriculus
104746693	utriculus
104805649	megalista
104812485	physalis
104842623	megalista
104847557	utriculus
104902009	utriculus
104906230	megalista
104993467	utriculus
104995205	utriculus
105000306	utriculus
105016461	utriculus
105024064	utriculus
105275761	utriculus
105287776	utriculus
105302399	utriculus
105331667	physalis
105335809	megalista
105420957	utriculus
105539268	megalista
105594384	utriculus
105642682	utriculus
105644320	megalista
105656866	utriculus
105707914	utriculus
105753773	utriculus
105755987	utriculus
105788412	minuta
105818893	minuta
106108647	utriculus
106111540	megalista
106225428	megalista
106266043	utriculus
106301768	utriculus
106435235	physalis
106576952	utriculus
106590236	megalista
106596787	megalista
106616799	physalis
106830428	physalis
106834736	physalis
106957453	physalis
106968821	utriculus
106969890	physalis
107247272	utriculus
107258682	physalis
107293626	megalista
107383632	physalis
107424486	utriculus
107442304	utriculus
107472171	utriculus
107554014	physalis
107697314	physalis
107705732	physalis
107724520	physalis
107732482	physalis
107860382	megalista
107915503	utriculus
107952840	physalis
107987763	physalis
107994770	physalis
108068171	physalis
108187385	physalis
108194359	physalis
108197487	physalis
108223952	utriculus
108254245	physalis
108269794	physalis
108269818	physalis
108269937	physalis
108270010	physalis
108271969	physalis
108273384	physalis
108273407	physalis
108310710	physalis
108352204	utriculus
108356690	megalista
108433653	physalis
108450878	physalis
108579121	megalista
108797485	physalis
108917654	physalis
108922633	megalista
109002057	megalista
109013399	megalista
109016647	megalista
109084726	physalis
109133578	utriculus
109171515	megalista
109600530	physalis
109859114	utriculus
109902773	megalista
109908099	physalis
109925579	physalis
109934297	utriculus
109939528	utriculus
109989702	megalista
110136483	utriculus
110155098	megalista
110223175	megalista
110436292	utriculus
110473766	megalista
110618326	utriculus
110624130	megalista
110624485	megalista
110660506	physalis
110685540	physalis
110748771	utriculus
110807924	megalista
110818052	physalis
110913519	utriculus
110913994	utriculus
111009223	utriculus
111009226	utriculus
111104943	physalis
111168684	megalista
111173926	megalista
111188276	utriculus
111283350	megalista
111319354	physalis
111378868	megalista
111461090	megalista
111571539	physalis
111731537	megalista
111737324	physalis
111894261	megalista
112085805	utriculus
112317431	megalista
112511364	megalista
112586005	megalista
112617260	megalista
112640550	utriculus
112640624	utriculus
112640705	utriculus
112640761	utriculus
112640864	megalista
112654404	megalista
112807514	utriculus
112865821	physalis
112926157	megalista
112942897	utriculus
112977965	physalis
113110481	utriculus
113113548	physalis
113185138	megalista
113360045	megalista
114049091	megalista
114061887	physalis
114094390	utriculus
114746811	utriculus
114788255	physalis
114891456	utriculus
115449675	physalis
115652444	utriculus
115903827	utriculus
116026491	utriculus
116031891	utriculus
116883679	utriculus
117060280	megalista
117429798	megalista
117524216	megalista
117906289	physalis
118035690	utriculus
118095145	megalista
118293739	utriculus
118474254	utriculus
118616544	megalista
118710899	megalista
118763922	megalista
118876048	megalista
119763233	utriculus
119832481	megalista
119881919	utriculus
119914239	physalis
119935763	utriculus
119976688	utriculus
119986520	megalista
119988628	megalista
120137690	megalista
120236602	physalis
120287637	megalista
120322428	utriculus
120606199	megalista
120751259	utriculus
120967540	physalis
121064578	megalista
121375651	megalista
121375653	megalista
121379837	megalista
121530058	megalista
121854203	megalista
122007519	physalis
122072105	utriculus
122123559	megalista
122399711	utriculus
122401159	megalista
122773731	utriculus
123337822	physalis
123785477	utriculus
124089491	physalis
124222390	megalista
124291764	utriculus
124354647	megalista
124366349	physalis
124776146	physalis
124853147	utriculus
124891166	physalis
125508964	utriculus
125526958	physalis
125658051	physalis
126005970	megalista
126150242	utriculus
126439563	megalista
126660859	physalis
126760773	utriculus
126862185	utriculus
126902971	utriculus
127193690	utriculus
127204762	megalista
127311694	megalista
127454851	utriculus
127458580	megalista
127462676	megalista
127463518	megalista
127492389	megalista
127501914	megalista
127769719	utriculus
127972386	megalista
128067333	physalis
128557209	utriculus
128597231	megalista
128597301	megalista
129505023	megalista
129662692	megalista
129778355	physalis
129782304	megalista
129938010	utriculus
129968580	megalista
130314676	utriculus
130351999	utriculus
130369166	megalista
130601392	utriculus
130693704	utriculus
130927611	physalis
130931762	utriculus
130996363	utriculus
131242307	physalis
131296438	utriculus
131534479	physalis
131694288	megalista
132020507	utriculus
132179234	utriculus
132257128	physalis
132496018	physalis
132561951	physalis
132826843	megalista
132901865	physalis
132954889	physalis
133034881	utriculus
133037657	utriculus
133037858	utriculus
133176641	megalista
133286045	utriculus
133420820	physalis
133548403	utriculus
133551446	physalis
133733579	megalista
133734010	megalista
133881131	megalista
134203201	physalis
134550372	utriculus
134891440	megalista
135033321	utriculus
135126784	utriculus
135229319	megalista
135330598	megalista
135344721	megalista
135372093	physalis
135855676	utriculus
135855693	utriculus
135855726	utriculus
135910242	utriculus
136007248	utriculus
136024408	physalis
136183071	utriculus
136326744	megalista
136550216	megalista
136884415	megalista
136967106	megalista
137058256	physalis
137150877	physalis
137691727	megalista
137701209	megalista
137701496	megalista
137727425	megalista
137809628	megalista
137817675	utriculus
137979294	utriculus
137992816	megalista
138195844	megalista
138318036	utriculus
138320860	megalista
138346686	megalista
138350209	megalista
138352775	megalista
138415938	physalis
138416811	physalis
138456724	megalista
138459005	physalis
138569386	utriculus
138712761	megalista
139013267	physalis
139092662	megalista
139145051	megalista
139179465	megalista
139204955	megalista
139206979	utriculus
139281882	physalis
139295693	megalista
139380089	megalista
139402645	megalista
139403218	megalista
139478409	megalista
139482505	megalista
139486370	megalista
139506309	megalista
139583239	megalista
139590652	megalista
139600619	megalista
139694189	utriculus
139732570	utriculus
139834603	megalista
139890127	utriculus
139904113	megalista
139933769	physalis
140352223	utriculus
140482596	utriculus
140619571	megalista
140626212	utriculus
140680819	utriculus
141111929	megalista
141113858	megalista
141299676	physalis
141302677	utriculus
141349849	physalis
141516917	utriculus
141592851	physalis
141647168	physalis
141647179	physalis
141647184	physalis
141647203	physalis
141655419	physalis
141672939	physalis
141687255	utriculus
141739282	physalis
141748716	utriculus
141761493	utriculus
141825711	utriculus
141829282	physalis
141842225	megalista
142008698	utriculus
142047970	utriculus
142053893	megalista
142071604	megalista
142074243	utriculus
142137263	physalis
142252364	utriculus
142252413	utriculus
142252525	utriculus
142400073	utriculus
142420831	utriculus
142572637	utriculus
142572674	utriculus
142588488	utriculus
142652412	megalista
142662439	megalista
142723407	physalis
142730903	megalista
142736302	megalista
142789191	megalista
142792828	utriculus
142797428	utriculus
142852268	megalista
142860937	utriculus
142866003	megalista
142898163	utriculus
142973930	physalis
143011299	megalista
143112500	physalis
143114263	megalista
143218488	megalista
143249604	megalista
143294707	utriculus
143315043	megalista
143320420	megalista
143360165	utriculus
143398606	megalista
143398712	megalista
143421387	megalista
143439458	utriculus
143467188	megalista
143513031	physalis
143521509	utriculus
143525107	megalista
143527075	megalista
143545311	megalista
143569486	physalis
143599366	megalista
143606434	megalista
143681236	megalista
143686434	utriculus
143687052	megalista
143692921	utriculus
143803936	physalis
143840779	utriculus
144005653	physalis
144006036	physalis
144011231	utriculus
144081841	physalis
144084577	physalis
144110612	physalis
144126332	megalista
144131526	megalista
144153382	physalis
144199019	physalis
144260007	megalista
144260467	minuta
144269624	utriculus
144285341	minuta
144345650	utriculus
144364400	physalis
144430511	physalis
144669398	physalis
144720274	megalista
144766247	utriculus
144767105	utriculus
144767116	utriculus
144767234	utriculus
144767257	utriculus
144767273	utriculus
144803762	utriculus
144804926	utriculus
144899178	utriculus
144909861	utriculus
144926193	utriculus
144943327	utriculus
144964654	megalista
145092398	minuta
145106720	utriculus
145164365	utriculus
145232806	physalis
145252762	utriculus
145277064	utriculus
145318740	megalista
145398441	physalis
145452473	utriculus
145536139	utriculus
145580698	minuta
145649845	megalista
145709915	megalista
145736764	utriculus
145799818	megalista
145909362	minuta
145935444	megalista
145939836	utriculus
146095853	physalis
146103500	megalista
146155865	megalista
146190223	minuta
146193316	megalista
146213710	utriculus
146298692	utriculus
146316007	minuta
146334297	utriculus
146373855	utriculus
146393639	megalista
146396496	megalista
146520513	megalista
146577528	utriculus
146602486	utriculus
146608514	physalis
146630666	utriculus
146634182	utriculus
146637912	physalis
146670808	physalis
146742435	megalista
146743142	megalista
146819239	utriculus
146884984	utriculus
146928271	megalista
146960794	utriculus
146981083	megalista
147089920	physalis
147179730	megalista
147295758	utriculus
147398547	physalis
147424790	utriculus
147430752	megalista
147467587	utriculus
147514340	utriculus
147577898	utriculus
147594037	megalista
147632947	utriculus
147662581	utriculus
147712928	physalis
147799184	utriculus
147803695	utriculus
147959779	physalis
148083126	utriculus
148085561	minuta
148190883	physalis
148192316	physalis
148239658	utriculus
148249274	utriculus
148284196	utriculus
148284197	utriculus
148284198	utriculus
148284200	utriculus
148284202	utriculus
148284204	utriculus
148284205	utriculus
148284206	utriculus
148284207	utriculus
148284211	utriculus
148284212	utriculus
148416172	utriculus
148417725	physalis
148577858	utriculus
148627761	utriculus
148659440	physalis
148700591	utriculus
148727136	physalis
148744047	utriculus
148772383	physalis
148792112	utriculus
148874678	minuta
148934889	physalis
148952115	utriculus
148987273	utriculus
149005789	utriculus
149013983	utriculus
149148478	physalis
149214121	utriculus
149246760	physalis
149282861	utriculus
149366342	utriculus
149367816	utriculus
149399104	physalis
149484310	utriculus
149537611	utriculus
149587433	utriculus
149608344	physalis
149609648	utriculus
149618989	utriculus
149667951	physalis
149676342	utriculus
149727799	physalis
149755288	physalis
149831549	utriculus
149835321	utriculus
149888704	utriculus
149891033	utriculus
149893008	utriculus
149927199	megalista
149957838	megalista
150112668	utriculus
150176291	utriculus
150217012	physalis
150217393	physalis
150263758	utriculus
150292796	utriculus
150302928	physalis
150305748	utriculus
150393241	utriculus
150404373	physalis
150465364	utriculus
150470592	utriculus
150498732	physalis
150522075	utriculus
150615325	utriculus
150641499	utriculus
150723562	physalis
150782212	physalis
150798527	utriculus
150907467	megalista
151014168	megalista
151102345	megalista
151173924	utriculus
151199044	utriculus
151204471	utriculus
151240909	utriculus
151240913	utriculus
151262144	utriculus
151263703	utriculus
151263710	utriculus
151263716	utriculus
151263730	utriculus
151263731	utriculus
151263735	utriculus
151263738	utriculus
151263739	utriculus
151384293	utriculus
151397300	utriculus
151397301	utriculus
151417289	physalis
151488152	physalis
151509098	physalis
151577657	megalista
151617568	utriculus
151660780	utriculus
151705614	megalista
151867001	utriculus
151898573	utriculus
151989078	megalista
152019875	utriculus
152194502	megalista
152342337	megalista
152474676	megalista
152633127	physalis
152670595	utriculus
152670642	physalis
152670738	utriculus
152670882	physalis
152671027	physalis
152671130	utriculus
152682119	utriculus
152704252	megalista
152794917	utriculus
152826211	utriculus
152899673	megalista
153008885	megalista
153198168	physalis
153838695	utriculus
153895429	utriculus
153901641	megalista
154010433	utriculus
154235235	utriculus
154244991	utriculus
154261309	utriculus
154508495	utriculus
154542825	utriculus
154660904	megalista
155416715	megalista
155599319	megalista
155655572	utriculus
155717538	megalista
155858114	megalista
156019707	megalista
156074442	utriculus
156231939	physalis
156393318	utriculus
156735615	utriculus
156772154	physalis
156849852	utriculus
156850613	megalista
156992166	utriculus
157025879	megalista
157147642	physalis
157293277	physalis
157341221	physalis
157874034	physalis
158074463	physalis
158319420	utriculus
158319999	utriculus
158321334	utriculus
158335435	physalis
158912349	utriculus
159116716	physalis
159160579	utriculus
159297754	physalis
159405436	physalis
159587957	megalista
159635046	megalista
160449243	utriculus
160464189	physalis
160664319	megalista
160899598	megalista
161189854	megalista
161259404	utriculus
161732098	physalis
161923097	megalista
161978467	physalis
162014866	physalis
162042939	utriculus
162067632	physalis
162359626	physalis
162598433	utriculus
162617641	utriculus
162641761	physalis
162701866	utriculus
162701868	utriculus
162825463	utriculus
162829843	megalista
162850304	megalista
163088211	megalista
163311260	utriculus
163608340	megalista
163998965	physalis
164212229	physalis
164230360	physalis
164372865	megalista
164534793	utriculus
164598691	megalista
164778497	physalis
164779134	physalis
164779186	physalis
164779230	physalis
164811429	megalista
164883627	utriculus
164944621	utriculus
165256671	megalista
165325674	physalis
165362858	physalis
165373351	utriculus
165375681	physalis
165379919	physalis
165381027	physalis
165390875	physalis
165391840	physalis
165486217	physalis
165492601	physalis
165550673	physalis
165572324	physalis
165635734	physalis
165635738	physalis
165637592	physalis
165652770	physalis
165665300	megalista
165672890	utriculus
165741149	physalis
165788916	physalis
165805925	utriculus
165809079	utriculus
165983105	utriculus
166044727	physalis
166050466	megalista
166056509	physalis
166250649	physalis
166278444	physalis
166376261	megalista
166488054	physalis
166541363	utriculus
166978819	megalista
167108486	physalis
167146814	megalista
167237995	utriculus
167268962	physalis
167407327	utriculus
167411412	utriculus
167476683	physalis
167978817	utriculus
168007463	megalista
168607047	utriculus
168770525	utriculus
168856252	utriculus
168920792	physalis
168942282	utriculus
168979701	physalis
169181613	physalis
169323793	megalista
169380302	physalis
169593039	physalis
169621701	physalis
169671436	utriculus
169752723	physalis
170069351	megalista
170091338	physalis
170242871	megalista
170406635	megalista
170563672	physalis
170804075	megalista
170824778	physalis
170847030	physalis
170912419	physalis
170994781	megalista
171105902	megalista
171167961	megalista
171198078	megalista
171293550	megalista
171493165	utriculus
171886247	megalista
171889852	physalis
171902236	megalista
172035365	utriculus
172061961	megalista
172239051	utriculus
172314060	megalista
172434408	physalis
172459349	megalista
172506634	utriculus
172658299	megalista
172810462	utriculus
172814310	megalista
172893486	megalista
172896254	physalis
172919921	megalista
172966289	megalista
173092858	utriculus
173154040	utriculus
173155439	megalista
173170453	megalista
173351801	megalista
173533792	physalis
173560193	utriculus
173578801	megalista
173738426	megalista
173833953	physalis
173887221	utriculus
174056408	utriculus
174305189	physalis
174359968	physalis
174422225	utriculus
174766719	utriculus
174963002	megalista
174966547	megalista
174995013	utriculus
175108575	utriculus
175166052	megalista
175285020	utriculus
175292021	utriculus
175292036	utriculus
175336484	megalista
175454838	megalista
175680483	megalista
175691502	physalis
175907710	megalista
175946053	utriculus
176070043	megalista
176103268	physalis
176195698	utriculus
176222048	utriculus
176392960	megalista
176472502	utriculus
176473988	utriculus
176537392	utriculus
176745329	physalis
177307427	megalista
177309837	megalista
177312580	megalista
177469737	megalista
177624760	utriculus
177658829	utriculus
177784914	megalista
177974835	physalis
178119695	megalista
178133516	megalista
178261819	utriculus
178319104	megalista
178417435	utriculus
178507039	megalista
178510623	megalista
178665100	megalista
178770684	utriculus
178799694	utriculus
178952926	megalista
179057205	physalis
179110697	utriculus
179521924	utriculus
179594747	physalis
179631661	physalis
179660614	megalista
179751365	utriculus
179806815	physalis
179827756	physalis
179952866	megalista
180122800	utriculus
180401515	megalista
180412591	megalista
180682206	utriculus
180723626	physalis
180735280	megalista
181017823	utriculus
181493477	megalista
181935284	physalis
182152069	utriculus
182249918	utriculus
183200249	megalista
183263508	utriculus
183471434	megalista
183740834	megalista
183807739	megalista
183969964	megalista
184079340	megalista
184621409	megalista
184651218	megalista
184655790	megalista
184767330	utriculus
184797295	utriculus
185232319	megalista
185239730	megalista
185242602	megalista
185554791	megalista
185869947	megalista
185997620	utriculus
186374672	megalista
186526125	megalista
186589255	utriculus
186660022	megalista
186888488	megalista
186960366	utriculus
186974634	megalista
187079457	megalista
187102127	megalista
187191143	utriculus
187210447	megalista
187224082	utriculus
187315308	megalista
187341557	megalista
187604096	megalista
187870928	utriculus
188337261	megalista
188606759	physalis
188629595	megalista
188841350	megalista
188872150	megalista
189089864	megalista
189186845	megalista
189217259	megalista
189447492	megalista
189549882	megalista
189620560	megalista
189634445	megalista
189732868	megalista
189738348	megalista
189822815	megalista
189825128	megalista
189825561	megalista
189908806	utriculus
189929171	megalista
189929186	megalista
189936676	megalista
189970432	utriculus
190008765	megalista
190040407	megalista
190062498	megalista
190273846	megalista
190281951	utriculus
190284689	megalista
190291892	megalista
190364798	megalista
190367607	utriculus
190473939	megalista
190543732	minuta
190656593	megalista
190873669	utriculus
190890528	megalista
190942629	megalista
190947371	megalista
190956264	utriculus
190956268	utriculus
190956273	utriculus
190965940	utriculus
191117981	utriculus
191221345	megalista
191227354	utriculus
191253288	megalista
191341359	megalista
191643448	megalista
191718271	utriculus
191746441	megalista
191776826	utriculus
191799318	physalis
191829844	megalista
191916577	utriculus
191919654	megalista
191927432	megalista
192014121	utriculus
192047197	megalista
192187961	utriculus
192269479	utriculus
192321954	megalista
192355537	utriculus
192576858	megalista
192620692	minuta
192698102	megalista
193078468	utriculus
193169306	megalista
193363823	megalista
193387846	megalista
193478172	physalis
193577889	megalista
193828706	megalista
193916936	utriculus
193940886	megalista
194005338	minuta
194008208	megalista
194098353	minuta
194147015	utriculus
194163196	utriculus
194164689	megalista
194172972	minuta
194173004	minuta
194247607	utriculus
194293173	physalis
194295152	physalis
194298751	physalis
194298877	physalis
194327855	minuta
194341720	minuta
194394561	utriculus
194563608	utriculus
194841207	utriculus
195004486	physalis
195158057	utriculus
195159458	utriculus
195180332	physalis
195248129	utriculus
195253641	minuta
195325038	minuta
195346176	utriculus
195347119	utriculus
195427110	utriculus
195433926	minuta
195452268	utriculus
195486964	physalis
195535009	minuta
195553424	utriculus
195554233	megalista
195561397	utriculus
195602832	utriculus
195620095	utriculus
195636866	utriculus
195647012	minuta
195731221	utriculus
195797015	utriculus
195809170	utriculus
195820600	megalista
195881235	minuta
195896052	utriculus
195967544	megalista
196093203	minuta
196106518	utriculus
196145504	minuta
196147881	utriculus
196156479	utriculus
196166171	utriculus
196177007	minuta
196192693	utriculus
196221747	utriculus
196245950	minuta
196336459	utriculus
196396305	minuta
196409462	minuta
196465350	minuta
196470957	minuta
196476518	minuta
196629108	minuta
196648310	minuta
196680650	physalis
196727945	utriculus
196782413	utriculus
196782605	utriculus
196790493	minuta
196795895	minuta
196890338	utriculus
196902562	utriculus
196946157	utriculus
196961589	minuta
196976029	minuta
197035123	minuta
197047869	utriculus
197058613	utriculus
197189326	utriculus
197374868	utriculus
197377200	utriculus
197590963	utriculus
197598092	minuta
197649152	megalista
197671714	utriculus
197676819	utriculus
197878992	minuta
198025604	megalista
198122226	minuta
198122712	minuta
198186718	utriculus
198262776	physalis
198361971	minuta
198428147	minuta
198518306	minuta
198544988	megalista
198554622	minuta
198558932	utriculus
198558973	utriculus
198558986	utriculus
198559004	utriculus
198559028	utriculus
198559063	utriculus
198655117	minuta
198697981	utriculus
198707031	utriculus
198862954	minuta
198863060	minuta
198874457	utriculus
198881799	utriculus
199092996	utriculus
199139662	minuta
199351457	utriculus
199413583	megalista
199641749	minuta
199642356	minuta
199654549	minuta
199887823	minuta
200162180	minuta
200652422	utriculus
200684322	utriculus
200774848	utriculus
200785646	utriculus
200787423	physalis
200850734	utriculus
200939770	megalista
200943409	utriculus
200980001	utriculus
200992558	utriculus
201049121	utriculus
201049122	utriculus
201085572	utriculus
201218475	megalista
201222802	utriculus
201234113	utriculus
201447781	megalista
201628734	megalista
201632104	minuta
201635726	physalis
201659595	utriculus
201727267	utriculus
201730645	utriculus
201768390	utriculus
201832311	utriculus
201901285	utriculus
202024033	utriculus
202115428	utriculus
202135746	utriculus
202187445	minuta
202500570	megalista
202506922	utriculus
202642123	utriculus
202917503	minuta
202943218	utriculus
203198035	utriculus
203204906	utriculus
203858057	utriculus
203858743	minuta
203864159	minuta
203864454	megalista
203995253	utriculus
203996484	utriculus
204062545	megalista
204120172	utriculus
204123470	utriculus
204126611	minuta
204126612	minuta
204126613	minuta
204126615	minuta
204230770	megalista
204242556	minuta
204326879	utriculus
204344215	utriculus
204474607	minuta
204675036	utriculus
204697857	utriculus
204871545	megalista
205019747	utriculus
205451673	utriculus
205493795	minuta
205535443	utriculus
205617909	utriculus
205618177	utriculus
205618194	megalista
205662451	utriculus
205796626	utriculus
205804519	utriculus
205804538	utriculus
205894241	utriculus
205945726	utriculus
206199682	utriculus
206642514	physalis
206736423	physalis
207118722	megalista
207528949	utriculus
207718597	megalista
207731496	megalista
207745816	megalista
207894699	utriculus
207910443	utriculus
208080687	megalista
208435721	megalista
208436113	megalista
208599345	physalis
208999937	utriculus
209108464	utriculus
210631867	utriculus
212556437	megalista
213336620	utriculus
213853043	utriculus
214127197	utriculus
214653317	megalista
214740288	megalista
215199316	utriculus
215438172	megalista
215580622	physalis
215832189	utriculus
215868775	minuta
216087612	megalista
216090552	minuta
216244943	megalista
216257888	megalista
216977321	physalis
217456346	megalista
217712348	physalis
217800161	physalis
217851715	megalista
218275425	utriculus
218481923	megalista
218482563	megalista
218597403	megalista
218708342	physalis
218796780	utriculus
218821962	utriculus
218898416	physalis
218898850	physalis
218991272	physalis
219063499	megalista
219075234	physalis
219221070	physalis
219232356	megalista
219233233	physalis
219498868	megalista
219680092	physalis
219929271	megalista
220143670	utriculus
220226132	physalis
220273357	physalis
220284394	physalis
220384303	physalis
220443082	megalista
220525808	physalis
220578561	physalis
220713401	physalis
220714329	utriculus
221471845	utriculus
222953268	utriculus
223712483	megalista
223910249	utriculus
224113599	utriculus
224282424	utriculus
224538458	megalista
224715874	utriculus
225575205	utriculus
225575857	utriculus
225576830	utriculus
225604788	utriculus
225845235	utriculus
225879558	megalista
225998285	utriculus
226008202	megalista
226061411	utriculus
226080474	utriculus
226093205	megalista
226257602	physalis
226344773	physalis
226871252	megalista
226876772	utriculus
227041249	megalista
227051250	megalista
227068195	megalista
227214354	utriculus
227240441	megalista
227276264	megalista
227475603	utriculus
227642651	utriculus
227642771	utriculus
227643013	utriculus
227643474	utriculus
227662423	physalis
227871798	physalis
227888034	megalista
227955263	megalista
228390697	megalista
228933782	utriculus
229423658	megalista
229599844	utriculus
230237439	megalista
230310958	utriculus
230311319	utriculus
230429403	utriculus
230719307	megalista
230871028	utriculus
231156303	utriculus
231234726	utriculus
231360482	megalista
231383561	utriculus
231919136	utriculus
232196385	megalista
232536523	physalis
232948262	megalista
233007400	utriculus
233048674	utriculus
233276569	utriculus
233349338	megalista
233595964	utriculus
234407170	utriculus
235047767	megalista
235071590	megalista
235224964	utriculus
235273626	minuta
235273628	minuta
235428385	utriculus
235462997	utriculus
235477798	utriculus
235649938	utriculus
237129037	utriculus
237784772	utriculus
239556744	utriculus
239733681	physalis
240348100	utriculus
241771656	utriculus
243291013	utriculus
244593217	utriculus
244688880	physalis
247204695	utriculus
247204927	utriculus
247715256	utriculus
247718697	utriculus
247987712	physalis
249089652	utriculus
249968040	utriculus
250406008	utriculus
250465346	physalis
250932924	physalis
251218142	physalis
251221221	physalis
251336970	physalis
251736989	utriculus
252117027	physalis
252321495	physalis
252620732	utriculus
253124143	utriculus
253621225	physalis
254688481	utriculus
256209758	utriculus
256709612	utriculus
256801749	physalis
256801829	physalis
256801897	physalis
256820829	physalis
256820999	physalis
256899670	physalis
257069187	physalis
257424216	utriculus
257508822	utriculus
257646388	physalis
258009760	utriculus
259131022	utriculus
260089230	utriculus
260180040	utriculus
260180068	utriculus
260180157	utriculus
260180217	utriculus
261789962	utriculus
262076311	physalis
262214055	physalis
264102472	physalis
264141117	physalis
265452651	utriculus
265585154	physalis
265725672	physalis
265852757	physalis
266133576	physalis
266712719	utriculus
266774785	utriculus
266903781	physalis
266903866	physalis
266937873	physalis
266953070	physalis
267041038	physalis
267041345	physalis
267120816	physalis
267155735	utriculus
268253409	physalis
268295088	utriculus
268401513	physalis
268820023	physalis
268910380	physalis
269071555	utriculus
269130592	physalis
269190272	utriculus
269191057	utriculus
269226355	utriculus
269362929	physalis
269439451	physalis
269653598	physalis
269779407	physalis
270628842	physalis
272371411	utriculus
279526315	utriculus
279729081	physalis
280663366	physalis
280846524	physalis
280927726	physalis
280987585	physalis
281016151	physalis
281016255	physalis
281016294	physalis
281230859	physalis
281313306	physalis
281418830	physalis
281468268	physalis
281570427	physalis
281597631	physalis
281882979	physalis
281902281	physalis
282043394	physalis
282188769	physalis
282188917	physalis
282205550	physalis
282233922	physalis
282514845	physalis
282642354	physalis
282723936	physalis
282888805	physalis
282956918	physalis
283005445	physalis
283020630	physalis
283030553	physalis
283362679	physalis
283424409	utriculus
283424428	utriculus
283783408	utriculus
284189502	physalis
284824932	physalis
284905628	physalis
285029092	physalis
285135073	physalis
285411974	utriculus
285425604	utriculus
285445254	physalis
285575752	physalis
285780926	utriculus
285798619	physalis
286192891	physalis
286389890	physalis
286389906	physalis
286683368	utriculus
